customerID,full_name,email,phone,gender,SeniorCitizen,Partner,Dependents,tenure,PhoneService,MultipleLines,InternetService,OnlineSecurity,OnlineBackup,DeviceProtection,TechSupport,StreamingTV,StreamingMovies,Contract,PaperlessBilling,PaymentMethod,MonthlyCharges,TotalCharges
2089-ZDWBI,Anna Kovalenko,anna.kovalenko0@example-mail.com,+380 67 591 66 63,Female,0,Yes,Yes,30,Yes,Yes,Fiber optic,No,Yes,Yes,No,Yes,No,Month-to-month,No,Bank transfer (automatic),163.94,4806.88
3767-FJREX,Anna Kovalenko,anna.kovalenko1@example-mail.com,+380 67 216 70 28,Female,0,No,No,49,Yes,No,Fiber optic,Yes,No,Yes,No,No,Yes,Two year,Yes,Electronic check,142.81,7171.14
7262-SCOTC,Anna Moroz,anna.moroz2@example-mail.com,+380 67 141 71 62,Male,0,Yes,No,39,Yes,No,No,No internet service,No internet service,No internet service,No internet service,No internet service,No internet service,One year,Yes,Bank transfer (automatic),41.07,1581.05
1275-ROIFC,Anna Moroz,anna.moroz3@example-mail.com,+380 67 124 83 71,Male,0,Yes,No,48,Yes,No,Fiber optic,No,No,Yes,No,Yes,No,Two year,Yes,Mailed check,127.7,5959.21
5263-XSBFH,Olena Boyko,olena.boyko4@example-mail.com,+380 67 473 57 65,Male,0,No,Yes,33,Yes,Yes,Fiber optic,No,Yes,Yes,Yes,Yes,Yes,One year,Yes,Bank transfer (automatic),180.34,5777.16
4418-GFIMT,Anna Kovalenko,anna.kovalenko5@example-mail.com,+380 67 445 39 47,Female,0,Yes,No,14,Yes,Yes,Fiber optic,No,No,No,No,Yes,Yes,One year,Yes,Mailed check,151.6,2084.47
4874-QRTNE,Yurii Kravchenko,yurii.kravchenko6@example-mail.com,+380 67 247 52 63,Male,0,Yes,No,49,Yes,No,Fiber optic,Yes,No,Yes,No,Yes,Yes,Month-to-month,Yes,Credit card (automatic),178.09,8482.26
8693-CQKML,Iryna Kovalenko,iryna.kovalenko7@example-mail.com,+380 67 189 18 92,Male,1,No,No,7,Yes,Yes,No,No internet service,No internet service,No internet service,No internet service,No internet service,No internet service,Month-to-month,Yes,Mailed check,75.51,542.31
9491-HEHUH,Taras Shevchenko,taras.shevchenko8@example-mail.com,+380 67 268 47 28,Male,0,No,No,40,Yes,Yes,Fiber optic,No,Yes,Yes,No,Yes,No,One year,No,Credit card (automatic),155.93,6286.39
8903-ZFWQC,Olena Kovalenko,olena.kovalenko9@example-mail.com,+380 67 696 51 19,Female,0,Yes,No,5,Yes,No,Fiber optic,No,No,No,No,Yes,Yes,Month-to-month,Yes,Credit card (automatic),151.6,738.41
3612-QRVRW,Oleh Moroz,oleh.moroz10@example-mail.com,+380 67 101 88 48,Female,1,No,No,16,Yes,Yes,Fiber optic,No,No,No,No,Yes,No,Two year,No,Bank transfer (automatic),134.97,2114.1
2098-IWDIN,Yurii Boyko,yurii.boyko11@example-mail.com,+380 67 726 29 32,Female,0,Yes,Yes,61,Yes,No,Fiber optic,Yes,No,No,No,Yes,No,One year,No,Electronic check,137.58,8208.28
1204-RWTDN,Sofia Melnyk,sofia.melnyk12@example-mail.com,+380 67 577 90 45,Male,0,Yes,No,29,Yes,Yes,Fiber optic,Yes,No,Yes,No,Yes,No,Month-to-month,Yes,Electronic check,165.72,4685.22
4661-EZLPZ,Sofia Moroz,sofia.moroz13@example-mail.com,+380 67 889 13 51,Female,1,Yes,No,38,Yes,Yes,No,No internet service,No internet service,No internet service,No internet service,No internet service,No internet service,Month-to-month,No,Mailed check,63.83,2495.19
1372-OQFIK,Oleh Melnyk,oleh.melnyk14@example-mail.com,+380 67 427 34 11,Male,0,Yes,No,52,Yes,No,Fiber optic,No,No,Yes,No,Yes,No,Two year,Yes,Credit card (automatic),138.58,7211.51
8490-EGCMU,Olena Kovalenko,olena.kovalenko15@example-mail.com,+380 67 842 11 10,Female,1,Yes,No,40,Yes,No,DSL,Yes,No,Yes,No,Yes,Yes,One year,Yes,Credit card (automatic),137.11,5389.74
1539-IRHUY,Anna Shevchenko,anna.shevchenko16@example-mail.com,+380 67 107 94 56,Male,0,Yes,No,37,Yes,No,DSL,Yes,Yes,No,No,No,No,One year,Yes,Credit card (automatic),98.2,3653.48
6699-DABDS,Yurii Melnyk,yurii.melnyk17@example-mail.com,+380 67 965 49 17,Female,0,No,No,44,Yes,No,Fiber optic,No,No,No,Yes,Yes,No,Two year,Yes,Electronic check,126.53,5420.32
8965-KNQDG,Taras Bondarenko,taras.bondarenko18@example-mail.com,+380 67 201 93 71,Female,0,No,No,36,Yes,Yes,DSL,Yes,No,No,Yes,Yes,Yes,Month-to-month,Yes,Credit card (automatic),140.95,5012.26
1968-BHJRD,Yurii Melnyk,yurii.melnyk19@example-mail.com,+380 67 355 49 82,Female,0,Yes,No,34,Yes,No,Fiber optic,Yes,No,Yes,Yes,Yes,Yes,Month-to-month,No,Credit card (automatic),195.33,6515.34
8778-ERTIY,Anna Bondarenko,anna.bondarenko20@example-mail.com,+380 67 900 86 97,Female,0,No,No,5,Yes,No,Fiber optic,No,No,Yes,No,Yes,Yes,One year,Yes,Credit card (automatic),148.84,755.25
8245-ZVVRD,Iryna Kravchenko,iryna.kravchenko21@example-mail.com,+380 67 260 21 40,Female,0,Yes,No,55,No,No phone service,Fiber optic,Yes,No,Yes,Yes,Yes,Yes,Two year,Yes,Electronic check,128.91,7014.22
2389-LSWPC,Maria Boyko,maria.boyko22@example-mail.com,+380 67 168 95 20,Male,0,No,No,14,Yes,Yes,Fiber optic,No,No,Yes,No,Yes,Yes,One year,Yes,Bank transfer (automatic),170.64,2458.76
9504-WNLAF,Anna Kovalenko,anna.kovalenko23@example-mail.com,+380 67 805 42 72,Male,0,No,No,40,Yes,Yes,No,No internet service,No internet service,No internet service,No internet service,No internet service,No internet service,Month-to-month,Yes,Credit card (automatic),62.86,2450.72
9723-BJZZX,Yurii Kravchenko,yurii.kravchenko24@example-mail.com,+380 67 963 30 79,Male,0,Yes,No,30,Yes,No,DSL,Yes,Yes,No,No,Yes,Yes,One year,Yes,Credit card (automatic),137.32,4154.6
6804-FVWIB,Olena Melnyk,olena.melnyk25@example-mail.com,+380 67 758 35 13,Female,0,No,No,38,Yes,Yes,Fiber optic,No,No,Yes,Yes,Yes,Yes,Month-to-month,Yes,Credit card (automatic),183.58,7066.15
5959-VSPDR,Sofia Bondarenko,sofia.bondarenko26@example-mail.com,+380 67 534 33 72,Female,0,Yes,Yes,17,Yes,No,DSL,Yes,Yes,No,Yes,No,No,Two year,Yes,Bank transfer (automatic),106.04,1782.79
9167-HNCBC,Maria Tkachenko,maria.tkachenko27@example-mail.com,+380 67 324 39 15,Female,0,Yes,No,21,No,No phone service,Fiber optic,No,No,No,Yes,Yes,No,Two year,Yes,Credit card (automatic),116.66,2470.05
5101-XIQBA,Andrii Boyko,andrii.boyko28@example-mail.com,+380 67 256 51 40,Male,0,No,No,27,No,No phone service,DSL,Yes,No,Yes,No,No,Yes,Two year,Yes,Credit card (automatic),91.12,2431.56
7197-AZZVP,Anna Moroz,anna.moroz29@example-mail.com,+380 67 129 76 97,Male,0,No,No,24,Yes,No,Fiber optic,No,No,Yes,Yes,No,Yes,Month-to-month,Yes,Credit card (automatic),160.02,3894.47
8235-VLRXZ,Sofia Kravchenko,sofia.kravchenko30@example-mail.com,+380 67 356 53 40,Female,1,No,No,49,Yes,No,No,No internet service,No internet service,No internet service,No internet service,No internet service,No internet service,Month-to-month,Yes,Credit card (automatic),46.58,2223.16
5159-IXUXI,Maria Moroz,maria.moroz31@example-mail.com,+380 67 794 25 57,Male,0,Yes,No,55,Yes,Yes,No,No internet service,No internet service,No internet service,No internet service,No internet service,No internet service,One year,Yes,Mailed check,59.27,3348.73
4735-NQSFU,Anna Bondarenko,anna.bondarenko32@example-mail.com,+380 67 417 20 73,Female,0,Yes,No,18,Yes,Yes,Fiber optic,Yes,Yes,No,Yes,Yes,No,Month-to-month,No,Mailed check,174.74,3111.76
6189-BTGUJ,Dmytro Melnyk,dmytro.melnyk33@example-mail.com,+380 67 505 32 10,Female,0,No,No,38,Yes,No,DSL,Yes,Yes,Yes,Yes,Yes,Yes,One year,Yes,Bank transfer (automatic),156.16,5843.77
6327-FCTVV,Anna Tkachenko,anna.tkachenko34@example-mail.com,+380 67 986 36 13,Male,0,Yes,No,11,Yes,Yes,No,No internet service,No internet service,No internet service,No internet service,No internet service,No internet service,Two year,Yes,Electronic check,66.75,724.28
8693-UVNYH,Taras Kovalenko,taras.kovalenko35@example-mail.com,+380 67 671 88 26,Male,0,No,No,23,No,No phone service,Fiber optic,No,Yes,No,No,Yes,Yes,Two year,No,Bank transfer (automatic),119.37,2783.97
8141-BZGBI,Yurii Melnyk,yurii.melnyk36@example-mail.com,+380 67 958 91 12,Female,0,Yes,No,30,Yes,Yes,Fiber optic,No,Yes,No,No,Yes,Yes,One year,Yes,Credit card (automatic),172.86,5104.63
2288-IFLHQ,Anna Bondarenko,anna.bondarenko37@example-mail.com,+380 67 670 74 12,Male,1,Yes,No,53,Yes,No,Fiber optic,Yes,No,Yes,No,Yes,Yes,One year,Yes,Bank transfer (automatic),172.14,9337.14
8861-WYQIG,Dmytro Kravchenko,dmytro.kravchenko38@example-mail.com,+380 67 950 48 25,Female,0,No,No,12,Yes,Yes,DSL,No,No,No,No,No,Yes,Two year,No,Bank transfer (automatic),111.69,1371.56
5593-BYWST,Maria Melnyk,maria.melnyk39@example-mail.com,+380 67 905 97 32,Female,1,Yes,No,14,Yes,Yes,DSL,Yes,Yes,Yes,No,Yes,Yes,Two year,Yes,Credit card (automatic),137.9,1976.07
5900-XPKBZ,Andrii Kravchenko,andrii.kravchenko40@example-mail.com,+380 67 484 20 17,Female,0,No,No,50,Yes,No,No,No internet service,No internet service,No internet service,No internet service,No internet service,No internet service,One year,Yes,Bank transfer (automatic),44.41,2207.0
8143-IHTTW,Iryna Boyko,iryna.boyko41@example-mail.com,+380 67 348 16 53,Male,0,Yes,No,45,Yes,Yes,Fiber optic,No,Yes,No,No,Yes,Yes,Two year,Yes,Credit card (automatic),151.93,6758.57
4764-FVMCG,Iryna Moroz,iryna.moroz42@example-mail.com,+380 67 384 45 83,Male,1,Yes,No,32,Yes,No,Fiber optic,Yes,No,No,Yes,Yes,Yes,One year,Yes,Mailed check,149.34,4651.93
9154-VNJUJ,Oleh Tkachenko,oleh.tkachenko43@example-mail.com,+380 67 318 76 51,Male,0,Yes,No,36,Yes,Yes,Fiber optic,No,No,No,No,Yes,Yes,Month-to-month,Yes,Mailed check,182.19,6556.2
5394-XBTQE,Andrii Kovalenko,andrii.kovalenko44@example-mail.com,+380 67 200 53 94,Male,0,Yes,No,48,Yes,Yes,Fiber optic,Yes,Yes,No,No,No,Yes,Month-to-month,Yes,Credit card (automatic),175.36,8643.61
1931-NZYBK,Yurii Bondarenko,yurii.bondarenko45@example-mail.com,+380 67 728 71 98,Male,0,No,Yes,39,Yes,Yes,Fiber optic,Yes,No,Yes,Yes,Yes,Yes,Two year,No,Mailed check,179.78,7148.89
5392-EHBYV,Andrii Tkachenko,andrii.tkachenko46@example-mail.com,+380 67 547 66 40,Male,0,No,No,37,Yes,No,Fiber optic,No,Yes,Yes,Yes,Yes,Yes,One year,No,Mailed check,172.81,6462.55
1036-VZITI,Dmytro Kravchenko,dmytro.kravchenko47@example-mail.com,+380 67 170 29 23,Female,0,No,Yes,44,No,No phone service,DSL,No,No,No,No,Yes,No,Two year,No,Credit card (automatic),64.98,2824.04
6601-XOVMK,Andrii Kravchenko,andrii.kravchenko48@example-mail.com,+380 67 431 36 13,Male,0,Yes,No,16,Yes,No,No,No internet service,No internet service,No internet service,No internet service,No internet service,No internet service,Month-to-month,Yes,Mailed check,44.01,717.01
4834-TSCXD,Oleh Boyko,oleh.boyko49@example-mail.com,+380 67 945 62 15,Female,0,No,No,34,Yes,Yes,DSL,No,Yes,Yes,No,Yes,Yes,One year,No,Credit card (automatic),153.7,5340.31
4203-QFLBT,Andrii Boyko,andrii.boyko50@example-mail.com,+380 67 911 67 44,Female,0,Yes,No,32,Yes,No,Fiber optic,Yes,No,No,Yes,Yes,Yes,Month-to-month,Yes,Credit card (automatic),172.46,5600.28
5561-PAFYT,Yurii Shevchenko,yurii.shevchenko51@example-mail.com,+380 67 464 50 31,Male,0,Yes,No,48,No,No phone service,Fiber optic,Yes,Yes,Yes,No,Yes,Yes,One year,No,Mailed check,157.39,7533.76
9380-MEDIR,Sofia Bondarenko,sofia.bondarenko52@example-mail.com,+380 67 564 67 82,Male,0,No,No,24,Yes,No,DSL,Yes,No,Yes,No,Yes,Yes,One year,Yes,Bank transfer (automatic),123.57,2915.05
1080-RLFMV,Olena Kravchenko,olena.kravchenko53@example-mail.com,+380 67 780 72 78,Female,0,Yes,No,47,Yes,No,No,No internet service,No internet service,No internet service,No internet service,No internet service,No internet service,Month-to-month,No,Bank transfer (automatic),36.12,1652.05
4879-ZQAHH,Yurii Tkachenko,yurii.tkachenko54@example-mail.com,+380 67 462 29 32,Male,0,No,No,15,Yes,Yes,DSL,Yes,No,Yes,No,Yes,Yes,Month-to-month,No,Credit card (automatic),160.14,2439.53
1916-MQWBR,Dmytro Kravchenko,dmytro.kravchenko55@example-mail.com,+380 67 272 40 27,Female,0,No,No,29,Yes,Yes,Fiber optic,No,No,Yes,Yes,No,Yes,Month-to-month,Yes,Electronic check,186.15,5443.42
5132-UQMTN,Sofia Moroz,sofia.moroz56@example-mail.com,+380 67 739 29 56,Female,0,Yes,Yes,15,Yes,Yes,Fiber optic,Yes,No,No,No,Yes,Yes,Month-to-month,Yes,Mailed check,173.51,2562.95
9220-RFVQO,Yurii Tkachenko,yurii.tkachenko57@example-mail.com,+380 67 293 96 56,Male,0,No,No,19,Yes,No,DSL,No,No,No,No,No,Yes,Two year,Yes,Credit card (automatic),94.26,1774.96
6059-NJUVW,Iryna Moroz,iryna.moroz58@example-mail.com,+380 67 506 38 17,Female,1,No,No,21,Yes,No,DSL,No,No,No,Yes,Yes,Yes,Two year,Yes,Electronic check,109.99,2374.48
6275-SYQSV,Taras Bondarenko,taras.bondarenko59@example-mail.com,+380 67 656 19 96,Male,0,Yes,Yes,60,Yes,Yes,Fiber optic,Yes,Yes,No,No,Yes,No,One year,Yes,Electronic check,164.85,9673.88
7428-SPSZQ,Sofia Melnyk,sofia.melnyk60@example-mail.com,+380 67 365 80 22,Male,0,Yes,No,22,Yes,Yes,Fiber optic,Yes,No,Yes,Yes,Yes,Yes,Two year,No,Mailed check,171.86,3770.23
2655-XOOGM,Iryna Moroz,iryna.moroz61@example-mail.com,+380 67 180 17 94,Female,0,Yes,No,9,Yes,Yes,DSL,Yes,Yes,No,No,Yes,No,Month-to-month,Yes,Electronic check,145.09,1321.19
5352-FABGU,Olena Boyko,olena.boyko62@example-mail.com,+380 67 381 44 38,Male,0,Yes,Yes,52,Yes,No,Fiber optic,Yes,Yes,Yes,Yes,Yes,No,Month-to-month,No,Credit card (automatic),185.79,9778.69
2564-OWKLF,Dmytro Boyko,dmytro.boyko63@example-mail.com,+380 67 259 25 31,Female,0,No,No,25,Yes,No,DSL,No,Yes,Yes,Yes,No,Yes,One year,Yes,Credit card (automatic),122.89,3118.45
9895-ZHZLA,Dmytro Shevchenko,dmytro.shevchenko64@example-mail.com,+380 67 731 14 90,Male,0,No,Yes,21,Yes,Yes,Fiber optic,No,No,Yes,No,Yes,Yes,Month-to-month,Yes,Electronic check,191.39,3955.14
3228-MVJTY,Oleh Shevchenko,oleh.shevchenko65@example-mail.com,+380 67 353 85 51,Male,0,Yes,Yes,38,Yes,Yes,Fiber optic,No,Yes,No,Yes,Yes,No,Month-to-month,Yes,Bank transfer (automatic),187.72,7148.86
1377-HCAYE,Yurii Tkachenko,yurii.tkachenko66@example-mail.com,+380 67 730 19 61,Female,0,No,No,33,Yes,Yes,DSL,Yes,Yes,Yes,Yes,Yes,Yes,One year,Yes,Credit card (automatic),155.99,5261.42
9579-GOBBD,Dmytro Kovalenko,dmytro.kovalenko67@example-mail.com,+380 67 969 89 47,Female,0,No,No,44,Yes,Yes,Fiber optic,Yes,Yes,No,No,Yes,No,Two year,Yes,Mailed check,161.08,7280.59
4046-JNCKI,Iryna Melnyk,iryna.melnyk68@example-mail.com,+380 67 312 57 33,Male,0,No,No,52,Yes,No,Fiber optic,No,Yes,Yes,No,Yes,Yes,Month-to-month,Yes,Credit card (automatic),166.88,8730.66
8302-OBQZG,Dmytro Bondarenko,dmytro.bondarenko69@example-mail.com,+380 67 385 10 90,Male,1,No,No,32,Yes,Yes,DSL,Yes,No,Yes,No,Yes,Yes,One year,Yes,Mailed check,147.91,4752.65
6183-LWRVP,Olena Bondarenko,olena.bondarenko70@example-mail.com,+380 67 166 86 77,Female,0,No,No,5,Yes,Yes,DSL,No,No,No,Yes,Yes,Yes,Two year,Yes,Credit card (automatic),137.33,702.74
6939-UIXMW,Olena Tkachenko,olena.tkachenko71@example-mail.com,+380 67 533 41 10,Female,1,Yes,No,58,Yes,No,Fiber optic,Yes,Yes,No,No,Yes,Yes,One year,Yes,Bank transfer (automatic),162.02,9619.6
3006-NNGTB,Taras Tkachenko,taras.tkachenko72@example-mail.com,+380 67 601 68 74,Female,0,No,No,32,Yes,No,Fiber optic,No,Yes,No,No,Yes,No,Month-to-month,No,Electronic check,151.07,4765.74
9301-LPMBM,Oleh Shevchenko,oleh.shevchenko73@example-mail.com,+380 67 401 21 22,Male,0,No,No,12,Yes,Yes,No,No internet service,No internet service,No internet service,No internet service,No internet service,No internet service,Month-to-month,No,Bank transfer (automatic),72.21,849.46
5239-WGKGC,Anna Moroz,anna.moroz74@example-mail.com,+380 67 901 51 33,Female,0,Yes,Yes,30,Yes,No,DSL,No,Yes,No,No,Yes,No,Month-to-month,Yes,Mailed check,108.52,3317.21
9743-JVHWK,Andrii Bondarenko,andrii.bondarenko75@example-mail.com,+380 67 755 22 68,Male,1,No,No,32,Yes,Yes,DSL,Yes,No,No,No,Yes,Yes,Two year,No,Mailed check,115.97,3749.67
5443-KKWUT,Olena Boyko,olena.boyko76@example-mail.com,+380 67 352 18 85,Male,0,Yes,No,17,Yes,No,DSL,No,No,No,No,No,Yes,One year,Yes,Credit card (automatic),105.14,1812.63
6715-UCXVT,Olena Melnyk,olena.melnyk77@example-mail.com,+380 67 921 14 52,Male,0,No,No,11,Yes,Yes,DSL,Yes,Yes,No,No,Yes,No,Two year,Yes,Electronic check,123.11,1349.21
9595-UFORK,Taras Shevchenko,taras.shevchenko78@example-mail.com,+380 67 711 90 70,Male,0,Yes,Yes,54,Yes,No,DSL,Yes,Yes,Yes,Yes,Yes,Yes,Two year,Yes,Electronic check,134.53,7146.59
8216-YUWXL,Yurii Melnyk,yurii.melnyk79@example-mail.com,+380 67 477 39 90,Male,0,Yes,No,13,Yes,Yes,DSL,Yes,No,Yes,Yes,Yes,No,Month-to-month,Yes,Electronic check,153.89,2018.49
7280-KGPCC,Taras Kovalenko,taras.kovalenko80@example-mail.com,+380 67 687 85 74,Female,0,Yes,Yes,64,Yes,No,Fiber optic,Yes,Yes,Yes,Yes,Yes,No,One year,Yes,Credit card (automatic),161.42,10277.25
5961-VUMZH,Sofia Boyko,sofia.boyko81@example-mail.com,+380 67 133 71 88,Male,0,No,Yes,26,Yes,No,DSL,Yes,Yes,Yes,Yes,Yes,Yes,One year,Yes,Mailed check,154.55,3904.53
7620-TWVQN,Sofia Bondarenko,sofia.bondarenko82@example-mail.com,+380 67 992 70 32,Female,0,No,No,41,Yes,No,Fiber optic,No,No,Yes,Yes,Yes,Yes,One year,No,Bank transfer (automatic),159.69,6427.21
9270-LWCTK,Maria Boyko,maria.boyko83@example-mail.com,+380 67 622 26 10,Male,0,Yes,No,53,Yes,Yes,Fiber optic,Yes,Yes,Yes,No,Yes,No,Month-to-month,Yes,Credit card (automatic),195.01,10592.02
5291-JXFKO,Maria Bondarenko,maria.bondarenko84@example-mail.com,+380 67 778 66 41,Male,0,No,No,35,Yes,No,No,No internet service,No internet service,No internet service,No internet service,No internet service,No internet service,One year,Yes,Credit card (automatic),41.39,1492.04
7767-VSXEH,Oleh Bondarenko,oleh.bondarenko85@example-mail.com,+380 67 677 21 87,Female,1,No,Yes,29,Yes,No,No,No internet service,No internet service,No internet service,No internet service,No internet service,No internet service,One year,No,Electronic check,41.29,1203.58
8020-OKZDP,Anna Shevchenko,anna.shevchenko86@example-mail.com,+380 67 426 44 91,Female,0,Yes,No,46,Yes,No,DSL,Yes,Yes,Yes,No,Yes,Yes,Month-to-month,Yes,Bank transfer (automatic),134.53,6085.25
3741-LKDFT,Maria Kravchenko,maria.kravchenko87@example-mail.com,+380 67 156 62 75,Male,0,Yes,No,12,Yes,Yes,Fiber optic,No,No,No,Yes,Yes,No,Month-to-month,Yes,Bank transfer (automatic),158.38,1892.45
2145-ZQKSA,Sofia Moroz,sofia.moroz88@example-mail.com,+380 67 544 42 74,Female,0,Yes,No,4,Yes,Yes,Fiber optic,No,Yes,No,No,Yes,Yes,One year,Yes,Mailed check,163.08,664.77
3039-QFNYR,Taras Melnyk,taras.melnyk89@example-mail.com,+380 67 394 41 69,Female,0,Yes,No,23,Yes,No,Fiber optic,Yes,Yes,No,No,Yes,Yes,Month-to-month,Yes,Mailed check,159.26,3633.96
4429-WVSXA,Yurii Boyko,yurii.boyko90@example-mail.com,+380 67 819 13 69,Male,0,No,Yes,8,Yes,Yes,No,No internet service,No internet service,No internet service,No internet service,No internet service,No internet service,One year,No,Mailed check,59.02,462.28
3338-LNDYG,Sofia Kravchenko,sofia.kravchenko91@example-mail.com,+380 67 128 86 96,Male,0,Yes,No,33,Yes,No,No,No internet service,No internet service,No internet service,No internet service,No internet service,No internet service,Month-to-month,Yes,Credit card (automatic),47.37,1563.71
8014-PGMFO,Sofia Kravchenko,sofia.kravchenko92@example-mail.com,+380 67 808 87 76,Male,0,Yes,No,48,Yes,No,Fiber optic,No,No,Yes,Yes,Yes,Yes,Month-to-month,Yes,Credit card (automatic),173.3,8282.11
6323-WXLUP,Oleh Kravchenko,oleh.kravchenko93@example-mail.com,+380 67 819 91 52,Male,0,Yes,Yes,12,Yes,No,DSL,No,Yes,Yes,No,Yes,No,Month-to-month,No,Credit card (automatic),122.47,1502.01
8269-LHDSD,Iryna Tkachenko,iryna.tkachenko94@example-mail.com,+380 67 202 44 16,Female,0,Yes,No,50,Yes,No,Fiber optic,Yes,No,No,No,Yes,Yes,One year,Yes,Mailed check,164.78,8084.68
3879-UVYGK,Oleh Boyko,oleh.boyko95@example-mail.com,+380 67 265 59 12,Female,0,Yes,No,42,Yes,No,Fiber optic,Yes,Yes,No,Yes,Yes,Yes,One year,Yes,Electronic check,177.57,7303.02
1634-HINJV,Yurii Moroz,yurii.moroz96@example-mail.com,+380 67 923 80 64,Male,0,No,No,19,Yes,No,No,No internet service,No internet service,No internet service,No internet service,No internet service,No internet service,One year,No,Mailed check,46.56,896.48
4596-SNWNP,Dmytro Moroz,dmytro.moroz97@example-mail.com,+380 67 328 20 76,Female,1,No,Yes,29,Yes,Yes,Fiber optic,Yes,Yes,No,No,Yes,No,One year,Yes,Electronic check,171.58,4873.39
7400-CBAVG,Andrii Kovalenko,andrii.kovalenko98@example-mail.com,+380 67 291 15 43,Male,0,Yes,No,30,Yes,Yes,Fiber optic,Yes,No,No,Yes,No,Yes,Two year,Yes,Credit card (automatic),162.86,4781.27
1375-LGWLR,Yurii Moroz,yurii.moroz99@example-mail.com,+380 67 320 53 48,Male,0,Yes,No,33,Yes,Yes,No,No internet service,No internet service,No internet service,No internet service,No internet service,No internet service,Month-to-month,Yes,Credit card (automatic),64.25,2091.77
6943-PBVFQ,Oleh Bondarenko,oleh.bondarenko100@example-mail.com,+380 67 644 43 86,Female,0,Yes,Yes,28,Yes,Yes,Fiber optic,Yes,Yes,Yes,No,No,Yes,Two year,No,Electronic check,167.1,4602.18
9743-TSEWS,Yurii Bondarenko,yurii.bondarenko101@example-mail.com,+380 67 285 79 79,Male,0,Yes,No,22,No,No phone service,Fiber optic,No,Yes,No,Yes,No,No,One year,Yes,Credit card (automatic),114.55,2537.31
7156-HNXNS,Oleh Boyko,oleh.boyko102@example-mail.com,+380 67 120 16 21,Male,0,Yes,No,26,Yes,Yes,Fiber optic,No,No,Yes,No,No,No,Month-to-month,Yes,Mailed check,147.71,3929.43
4596-NKPDY,Anna Kovalenko,anna.kovalenko103@example-mail.com,+380 67 649 40 60,Male,0,No,No,50,Yes,No,DSL,Yes,Yes,No,Yes,Yes,Yes,Two year,No,Mailed check,120.07,6152.1
1048-CCSOR,Oleh Kravchenko,oleh.kravchenko104@example-mail.com,+380 67 203 56 37,Male,0,No,No,46,Yes,Yes,No,No internet service,No internet service,No internet service,No internet service,No internet service,No internet service,Two year,Yes,Credit card (automatic),51.87,2384.38
3764-LHMGB,Andrii Bondarenko,andrii.bondarenko105@example-mail.com,+380 67 263 13 67,Male,0,No,Yes,22,Yes,No,Fiber optic,Yes,Yes,Yes,No,Yes,Yes,Month-to-month,No,Mailed check,177.7,3919.48
1816-YEFQG,Oleh Melnyk,oleh.melnyk106@example-mail.com,+380 67 693 73 17,Male,0,No,Yes,48,No,No phone service,DSL,No,No,Yes,No,Yes,Yes,Month-to-month,No,Credit card (automatic),97.33,4682.83
6188-SYNWN,Iryna Boyko,iryna.boyko107@example-mail.com,+380 67 609 33 61,Male,0,Yes,No,46,Yes,Yes,DSL,Yes,Yes,Yes,Yes,Yes,Yes,Two year,No,Credit card (automatic),149.43,6695.04
4748-TDTHR,Yurii Melnyk,yurii.melnyk108@example-mail.com,+380 67 891 58 50,Female,0,Yes,No,33,Yes,Yes,No,No internet service,No internet service,No internet service,No internet service,No internet service,No internet service,Month-to-month,Yes,Electronic check,68.51,2193.58
3723-RNUBA,Dmytro Bondarenko,dmytro.bondarenko109@example-mail.com,+380 67 490 54 61,Female,0,No,No,37,Yes,Yes,DSL,Yes,Yes,Yes,Yes,Yes,Yes,Two year,Yes,Credit card (automatic),150.83,5437.55
7716-DZZFC,Dmytro Shevchenko,dmytro.shevchenko110@example-mail.com,+380 67 248 55 32,Male,0,Yes,No,50,Yes,Yes,Fiber optic,No,Yes,No,Yes,Yes,Yes,Month-to-month,No,Bank transfer (automatic),197.25,9674.43
4528-YASAG,Sofia Melnyk,sofia.melnyk111@example-mail.com,+380 67 356 32 85,Female,0,No,No,27,No,No phone service,Fiber optic,Yes,No,Yes,No,No,Yes,Month-to-month,Yes,Electronic check,123.99,3439.92
3254-PCHGK,Andrii Kravchenko,andrii.kravchenko112@example-mail.com,+380 67 495 40 32,Female,1,Yes,No,21,No,No phone service,DSL,No,No,No,Yes,Yes,No,One year,Yes,Bank transfer (automatic),81.48,1734.09
8404-QQERF,Taras Kravchenko,taras.kravchenko113@example-mail.com,+380 67 190 56 65,Male,0,Yes,Yes,46,Yes,Yes,Fiber optic,No,Yes,Yes,Yes,Yes,Yes,One year,Yes,Bank transfer (automatic),189.07,8720.44
9625-PSHVY,Oleh Tkachenko,oleh.tkachenko114@example-mail.com,+380 67 332 86 64,Male,1,No,Yes,35,Yes,No,DSL,No,No,Yes,Yes,Yes,Yes,Month-to-month,Yes,Credit card (automatic),132.31,4561.92
6760-ZKOHY,Dmytro Moroz,dmytro.moroz115@example-mail.com,+380 67 201 19 12,Female,0,Yes,No,58,Yes,Yes,No,No internet service,No internet service,No internet service,No internet service,No internet service,No internet service,Month-to-month,Yes,Credit card (automatic),62.73,3724.16
4850-SISCL,Oleh Kovalenko,oleh.kovalenko116@example-mail.com,+380 67 955 38 95,Male,0,Yes,Yes,51,Yes,Yes,DSL,No,No,Yes,Yes,Yes,Yes,Month-to-month,No,Credit card (automatic),164.59,8591.62
3164-CQCPS,Maria Kovalenko,maria.kovalenko117@example-mail.com,+380 67 344 35 23,Male,0,No,No,53,Yes,No,No,No internet service,No internet service,No internet service,No internet service,No internet service,No internet service,One year,No,Credit card (automatic),44.97,2384.88
1873-CPYQY,Maria Tkachenko,maria.tkachenko118@example-mail.com,+380 67 208 34 67,Male,0,Yes,No,42,Yes,Yes,Fiber optic,No,Yes,No,No,Yes,No,Two year,Yes,Bank transfer (automatic),150.1,6448.27
1091-LJOLA,Olena Boyko,olena.boyko119@example-mail.com,+380 67 481 25 29,Male,0,Yes,No,37,Yes,Yes,Fiber optic,No,Yes,No,No,No,Yes,Month-to-month,Yes,Bank transfer (automatic),168.06,6220.05
7327-MZLRL,Sofia Melnyk,sofia.melnyk120@example-mail.com,+380 67 279 57 89,Female,0,No,No,67,Yes,No,Fiber optic,No,No,Yes,Yes,No,Yes,Two year,No,Mailed check,140.94,9357.76
6734-GZCEH,Maria Kovalenko,maria.kovalenko121@example-mail.com,+380 67 467 24 45,Male,0,No,No,9,Yes,No,Fiber optic,No,No,No,Yes,No,Yes,Month-to-month,Yes,Electronic check,147.05,1361.88
2292-RMTLT,Olena Moroz,olena.moroz122@example-mail.com,+380 67 198 19 14,Male,0,Yes,Yes,40,Yes,Yes,Fiber optic,No,Yes,Yes,No,No,No,One year,No,Electronic check,152.32,5986.13
6520-FNARC,Andrii Melnyk,andrii.melnyk123@example-mail.com,+380 67 779 42 65,Male,0,Yes,No,25,Yes,Yes,Fiber optic,Yes,No,Yes,No,Yes,Yes,One year,No,Mailed check,170.31,4144.08
3783-IJDKL,Olena Kravchenko,olena.kravchenko124@example-mail.com,+380 67 214 59 51,Female,0,Yes,No,22,Yes,Yes,Fiber optic,No,Yes,No,Yes,Yes,No,One year,No,Credit card (automatic),167.87,3729.82
5481-BYQPM,Yurii Kravchenko,yurii.kravchenko125@example-mail.com,+380 67 380 19 98,Male,1,No,No,21,Yes,Yes,DSL,No,No,No,Yes,No,Yes,One year,Yes,Credit card (automatic),126.04,2689.59
6905-JNASF,Iryna Kravchenko,iryna.kravchenko126@example-mail.com,+380 67 695 75 94,Male,0,No,No,35,Yes,No,No,No internet service,No internet service,No internet service,No internet service,No internet service,No internet service,One year,Yes,Bank transfer (automatic),55.43,1918.86
7379-PBMDF,Olena Shevchenko,olena.shevchenko127@example-mail.com,+380 67 847 71 59,Female,0,Yes,No,34,Yes,No,No,No internet service,No internet service,No internet service,No internet service,No internet service,No internet service,Two year,Yes,Electronic check,39.7,1323.51
4358-TGFWV,Oleh Shevchenko,oleh.shevchenko128@example-mail.com,+380 67 410 65 49,Female,0,No,No,44,Yes,No,Fiber optic,No,No,No,Yes,Yes,Yes,Two year,Yes,Bank transfer (automatic),136.43,6024.01
6129-YBWJX,Yurii Bondarenko,yurii.bondarenko129@example-mail.com,+380 67 721 98 35,Female,0,Yes,No,47,Yes,Yes,Fiber optic,No,Yes,Yes,No,Yes,Yes,One year,Yes,Bank transfer (automatic),177.09,8076.1
5868-NCFAM,Iryna Moroz,iryna.moroz130@example-mail.com,+380 67 738 32 68,Male,0,Yes,No,15,Yes,No,Fiber optic,Yes,No,Yes,No,No,Yes,Two year,Yes,Credit card (automatic),131.26,1920.28
7794-MQVIX,Yurii Tkachenko,yurii.tkachenko131@example-mail.com,+380 67 789 67 38,Female,1,Yes,No,28,No,No phone service,No,No internet service,No internet service,No internet service,No internet service,No internet service,No internet service,Month-to-month,No,Bank transfer (automatic),18.5,527.66
3228-SNZMK,Iryna Melnyk,iryna.melnyk132@example-mail.com,+380 67 764 12 58,Male,0,No,No,22,Yes,No,Fiber optic,No,Yes,Yes,No,Yes,No,Month-to-month,Yes,Mailed check,166.02,3703.98
8421-ZGLHN,Dmytro Tkachenko,dmytro.tkachenko133@example-mail.com,+380 67 514 78 86,Female,0,No,Yes,18,Yes,Yes,No,No internet service,No internet service,No internet service,No internet service,No internet service,No internet service,One year,Yes,Electronic check,59.09,1069.58
9639-NTNBF,Sofia Boyko,sofia.boyko134@example-mail.com,+380 67 541 47 73,Male,0,No,Yes,36,Yes,No,DSL,Yes,Yes,Yes,Yes,Yes,Yes,One year,Yes,Bank transfer (automatic),155.99,5769.93
9029-FKHFP,Taras Shevchenko,taras.shevchenko135@example-mail.com,+380 67 606 24 90,Male,0,Yes,No,54,Yes,No,No,No internet service,No internet service,No internet service,No internet service,No internet service,No internet service,Month-to-month,Yes,Electronic check,46.28,2449.1
6568-OYATE,Taras Tkachenko,taras.tkachenko136@example-mail.com,+380 67 365 23 18,Female,0,No,No,20,No,No phone service,Fiber optic,No,No,Yes,No,Yes,Yes,Two year,Yes,Mailed check,114.81,2336.37
4097-BGZQO,Oleh Tkachenko,oleh.tkachenko137@example-mail.com,+380 67 265 72 11,Male,0,No,No,0,Yes,Yes,Fiber optic,No,No,No,No,Yes,Yes,Month-to-month,Yes,Electronic check,163.54,0.0
2813-XRCVS,Maria Boyko,maria.boyko138@example-mail.com,+380 67 871 41 69,Male,1,Yes,Yes,61,Yes,Yes,Fiber optic,Yes,No,No,Yes,Yes,No,One year,No,Mailed check,168.52,10445.85
8113-PXRLJ,Taras Kovalenko,taras.kovalenko139@example-mail.com,+380 67 215 60 61,Female,0,Yes,Yes,60,Yes,Yes,DSL,No,Yes,No,No,Yes,No,Two year,Yes,Electronic check,103.02,6163.81
5137-ULQEL,Anna Kravchenko,anna.kravchenko140@example-mail.com,+380 67 355 39 88,Male,0,Yes,No,45,Yes,Yes,Fiber optic,Yes,No,No,Yes,Yes,Yes,One year,Yes,Bank transfer (automatic),178.64,8185.78
6614-UWTFX,Andrii Tkachenko,andrii.tkachenko141@example-mail.com,+380 67 180 28 74,Female,0,Yes,No,49,Yes,No,No,No internet service,No internet service,No internet service,No internet service,No internet service,No internet service,One year,Yes,Mailed check,37.23,1844.8
5405-UMNAU,Andrii Bondarenko,andrii.bondarenko142@example-mail.com,+380 67 163 77 79,Female,0,Yes,No,58,Yes,Yes,Fiber optic,No,No,No,No,No,No,One year,Yes,Mailed check,144.13,8519.01
9445-DODJM,Sofia Kravchenko,sofia.kravchenko143@example-mail.com,+380 67 916 75 41,Male,0,No,Yes,6,Yes,Yes,Fiber optic,No,No,No,Yes,Yes,No,Two year,Yes,Electronic check,144.61,864.24
8109-EBHYT,Iryna Bondarenko,iryna.bondarenko144@example-mail.com,+380 67 392 58 55,Female,0,No,No,28,Yes,Yes,No,No internet service,No internet service,No internet service,No internet service,No internet service,No internet service,One year,Yes,Bank transfer (automatic),53.11,1442.77
7814-CCPAG,Maria Tkachenko,maria.tkachenko145@example-mail.com,+380 67 674 88 87,Male,0,No,No,32,Yes,Yes,Fiber optic,Yes,No,No,Yes,Yes,Yes,Month-to-month,No,Credit card (automatic),184.67,5848.55
6032-CMGWV,Oleh Kovalenko,oleh.kovalenko146@example-mail.com,+380 67 333 94 71,Female,0,No,No,57,Yes,Yes,DSL,Yes,No,Yes,No,Yes,Yes,Month-to-month,Yes,Bank transfer (automatic),152.26,8754.21
7581-OHGBD,Maria Tkachenko,maria.tkachenko147@example-mail.com,+380 67 400 66 29,Female,0,No,No,14,No,No phone service,No,No internet service,No internet service,No internet service,No internet service,No internet service,No internet service,One year,Yes,Mailed check,18.5,251.49
2644-PCHRD,Dmytro Shevchenko,dmytro.shevchenko148@example-mail.com,+380 67 604 34 53,Female,0,Yes,No,37,Yes,Yes,No,No internet service,No internet service,No internet service,No internet service,No internet service,No internet service,Month-to-month,No,Credit card (automatic),65.5,2412.63
5407-IHSCJ,Andrii Kravchenko,andrii.kravchenko149@example-mail.com,+380 67 335 51 78,Female,0,Yes,No,21,Yes,Yes,Fiber optic,No,No,Yes,No,Yes,Yes,One year,Yes,Credit card (automatic),162.5,3495.68
9690-TAJSR,Anna Tkachenko,anna.tkachenko150@example-mail.com,+380 67 153 65 23,Male,1,No,Yes,15,No,No phone service,Fiber optic,Yes,Yes,No,No,No,Yes,Two year,Yes,Electronic check,108.39,1665.3
5816-FJAGG,Olena Kravchenko,olena.kravchenko151@example-mail.com,+380 67 207 78 65,Male,0,Yes,No,51,Yes,No,Fiber optic,No,No,No,Yes,Yes,Yes,Two year,Yes,Bank transfer (automatic),145.73,7486.06
1528-TUOSB,Olena Melnyk,olena.melnyk152@example-mail.com,+380 67 968 68 36,Female,0,No,No,17,Yes,Yes,No,No internet service,No internet service,No internet service,No internet service,No internet service,No internet service,Two year,Yes,Credit card (automatic),60.22,1053.13
1610-IKUNN,Andrii Shevchenko,andrii.shevchenko153@example-mail.com,+380 67 543 98 75,Female,0,No,No,8,Yes,Yes,Fiber optic,No,Yes,Yes,No,Yes,No,Two year,No,Credit card (automatic),155.1,1261.87
5857-WDYPM,Oleh Bondarenko,oleh.bondarenko154@example-mail.com,+380 67 332 16 57,Female,0,Yes,No,52,Yes,Yes,DSL,No,Yes,Yes,Yes,Yes,Yes,Two year,Yes,Mailed check,133.0,6950.99
4080-OHIQA,Anna Shevchenko,anna.shevchenko155@example-mail.com,+380 67 719 12 15,Male,0,Yes,No,48,Yes,Yes,Fiber optic,Yes,Yes,Yes,No,Yes,Yes,Month-to-month,Yes,Electronic check,199.76,9649.19
6594-NOFER,Dmytro Shevchenko,dmytro.shevchenko156@example-mail.com,+380 67 536 86 72,Male,0,Yes,Yes,53,Yes,Yes,DSL,No,No,No,No,No,Yes,Two year,No,Credit card (automatic),102.38,5308.65
7057-MOSOS,Anna Bondarenko,anna.bondarenko157@example-mail.com,+380 67 580 70 84,Male,0,No,No,6,Yes,No,Fiber optic,Yes,Yes,No,Yes,Yes,Yes,Month-to-month,Yes,Credit card (automatic),177.13,1071.47
9994-CYDHD,Sofia Shevchenko,sofia.shevchenko158@example-mail.com,+380 67 331 23 12,Male,0,Yes,No,56,Yes,No,DSL,No,No,No,No,Yes,Yes,One year,Yes,Electronic check,99.9,5548.87
2138-LOOHJ,Olena Moroz,olena.moroz159@example-mail.com,+380 67 279 15 84,Female,0,No,No,26,Yes,No,Fiber optic,Yes,Yes,No,No,Yes,Yes,Month-to-month,No,Electronic check,179.25,4678.99
7949-AYFQI,Sofia Bondarenko,sofia.bondarenko160@example-mail.com,+380 67 293 17 80,Male,0,No,No,33,Yes,No,No,No internet service,No internet service,No internet service,No internet service,No internet service,No internet service,Month-to-month,Yes,Bank transfer (automatic),47.24,1585.21
6905-WRPCH,Dmytro Kravchenko,dmytro.kravchenko161@example-mail.com,+380 67 388 69 79,Female,1,Yes,No,67,Yes,No,DSL,No,Yes,Yes,No,No,No,Month-to-month,Yes,Bank transfer (automatic),107.81,7032.45
1478-OXUTG,Oleh Kovalenko,oleh.kovalenko162@example-mail.com,+380 67 767 86 47,Male,0,Yes,Yes,30,Yes,Yes,Fiber optic,No,No,No,Yes,Yes,Yes,One year,No,Credit card (automatic),169.73,5231.42
1721-KZCBW,Andrii Melnyk,andrii.melnyk163@example-mail.com,+380 67 225 68 15,Female,0,Yes,No,18,Yes,Yes,Fiber optic,No,Yes,No,Yes,No,Yes,Two year,Yes,Electronic check,151.34,2797.62
3842-YOYJC,Andrii Melnyk,andrii.melnyk164@example-mail.com,+380 67 422 65 40,Male,0,No,No,44,Yes,No,Fiber optic,No,No,Yes,Yes,Yes,Yes,Two year,Yes,Mailed check,149.65,6415.12
4407-RPTRT,Andrii Shevchenko,andrii.shevchenko165@example-mail.com,+380 67 297 68 36,Female,1,Yes,No,44,Yes,Yes,DSL,No,No,Yes,No,No,Yes,One year,No,Credit card (automatic),123.32,5587.38
3946-RDYGN,Andrii Bondarenko,andrii.bondarenko166@example-mail.com,+380 67 834 14 30,Male,0,Yes,No,23,No,No phone service,Fiber optic,Yes,Yes,Yes,Yes,Yes,Yes,Month-to-month,Yes,Credit card (automatic),169.89,3968.39
7860-WOQRR,Yurii Kravchenko,yurii.kravchenko167@example-mail.com,+380 67 418 91 82,Female,0,Yes,Yes,5,Yes,Yes,DSL,Yes,Yes,Yes,No,Yes,No,Month-to-month,Yes,Bank transfer (automatic),142.94,709.66
1806-BJBFY,Olena Tkachenko,olena.tkachenko168@example-mail.com,+380 67 985 61 74,Female,0,No,No,49,Yes,Yes,No,No internet service,No internet service,No internet service,No internet service,No internet service,No internet service,Two year,No,Electronic check,56.89,2758.11
1535-REXBN,Anna Tkachenko,anna.tkachenko169@example-mail.com,+380 67 126 90 16,Female,0,Yes,No,18,Yes,Yes,DSL,Yes,Yes,No,Yes,Yes,Yes,Two year,Yes,Credit card (automatic),139.23,2551.82
8762-AXDIK,Maria Moroz,maria.moroz170@example-mail.com,+380 67 165 89 44,Female,0,No,No,50,Yes,No,Fiber optic,No,Yes,No,No,Yes,Yes,Two year,Yes,Mailed check,133.67,6484.64
1215-DOXYZ,Dmytro Shevchenko,dmytro.shevchenko171@example-mail.com,+380 67 668 27 25,Male,0,Yes,Yes,55,No,No phone service,Fiber optic,No,Yes,No,Yes,Yes,Yes,Month-to-month,Yes,Electronic check,139.78,7764.7
9547-KRDUQ,Olena Shevchenko,olena.shevchenko172@example-mail.com,+380 67 678 65 42,Male,1,Yes,No,39,Yes,No,Fiber optic,No,Yes,No,No,Yes,Yes,Two year,Yes,Mailed check,148.02,5779.07
2142-NIPGP,Dmytro Shevchenko,dmytro.shevchenko173@example-mail.com,+380 67 816 46 83,Female,0,Yes,Yes,46,Yes,No,Fiber optic,No,No,Yes,Yes,Yes,Yes,Month-to-month,No,Bank transfer (automatic),176.01,8237.91
6426-JPRNY,Anna Kravchenko,anna.kravchenko174@example-mail.com,+380 67 547 67 48,Male,0,Yes,No,68,Yes,No,DSL,Yes,No,Yes,No,Yes,Yes,Month-to-month,Yes,Credit card (automatic),134.56,9243.79
1789-TVBTQ,Yurii Shevchenko,yurii.shevchenko175@example-mail.com,+380 67 226 25 85,Male,0,No,No,30,Yes,No,Fiber optic,No,Yes,No,No,Yes,No,Two year,Yes,Bank transfer (automatic),139.24,4059.08
1948-JDZMT,Maria Melnyk,maria.melnyk176@example-mail.com,+380 67 141 69 79,Male,0,Yes,Yes,41,Yes,Yes,No,No internet service,No internet service,No internet service,No internet service,No internet service,No internet service,Month-to-month,Yes,Bank transfer (automatic),66.52,2801.59
7766-OQEIV,Andrii Melnyk,andrii.melnyk177@example-mail.com,+380 67 841 39 52,Male,0,No,Yes,36,Yes,Yes,Fiber optic,No,No,No,No,Yes,Yes,One year,Yes,Electronic check,155.75,5488.8
3285-DQJGB,Anna Melnyk,anna.melnyk178@example-mail.com,+380 67 687 87 61,Female,0,Yes,No,38,Yes,Yes,DSL,Yes,Yes,Yes,Yes,No,Yes,One year,No,Bank transfer (automatic),165.12,6436.24
8824-SBDCU,Oleh Melnyk,oleh.melnyk179@example-mail.com,+380 67 821 19 39,Male,0,No,No,53,Yes,No,DSL,No,Yes,No,No,Yes,No,Two year,No,Credit card (automatic),101.3,5490.33
9752-YSAFU,Yurii Shevchenko,yurii.shevchenko180@example-mail.com,+380 67 776 23 97,Male,0,No,No,39,Yes,Yes,Fiber optic,Yes,Yes,Yes,Yes,Yes,Yes,Month-to-month,Yes,Electronic check,211.78,8396.76
5578-XLUJX,Oleh Boyko,oleh.boyko181@example-mail.com,+380 67 658 23 28,Female,0,Yes,No,44,No,No phone service,Fiber optic,Yes,Yes,No,No,No,Yes,One year,Yes,Mailed check,115.09,5064.16
6478-RUACH,Yurii Kovalenko,yurii.kovalenko182@example-mail.com,+380 67 224 40 19,Male,1,No,No,33,Yes,No,Fiber optic,No,Yes,No,Yes,Yes,Yes,Month-to-month,Yes,Credit card (automatic),161.92,5210.15
9339-NPJMC,Oleh Bondarenko,oleh.bondarenko183@example-mail.com,+380 67 304 76 44,Male,0,Yes,No,14,Yes,Yes,DSL,No,Yes,Yes,Yes,Yes,Yes,Month-to-month,No,Credit card (automatic),151.23,2086.13
7574-SVQCO,Taras Melnyk,taras.melnyk184@example-mail.com,+380 67 639 41 48,Female,0,No,No,28,Yes,Yes,DSL,No,Yes,No,No,Yes,No,One year,No,Credit card (automatic),110.17,3144.79
6305-IJRJE,Maria Kravchenko,maria.kravchenko185@example-mail.com,+380 67 729 53 64,Female,0,Yes,No,23,Yes,No,Fiber optic,No,No,No,Yes,Yes,Yes,Two year,Yes,Electronic check,135.22,3020.35
6871-NRAUU,Maria Melnyk,maria.melnyk186@example-mail.com,+380 67 934 25 29,Male,0,No,No,7,Yes,No,Fiber optic,No,No,Yes,No,Yes,Yes,One year,No,Credit card (automatic),145.46,1030.26
2015-MILGJ,Sofia Melnyk,sofia.melnyk187@example-mail.com,+380 67 687 27 77,Female,0,No,Yes,35,No,No phone service,Fiber optic,No,Yes,No,Yes,No,Yes,Two year,Yes,Credit card (automatic),127.61,4427.8
5239-WULHE,Maria Kovalenko,maria.kovalenko188@example-mail.com,+380 67 787 50 26,Female,0,No,No,33,Yes,No,DSL,No,Yes,Yes,No,Yes,No,Month-to-month,Yes,Credit card (automatic),114.76,3733.82
3547-WAPEL,Anna Kravchenko,anna.kravchenko189@example-mail.com,+380 67 131 78 80,Male,0,Yes,No,64,Yes,Yes,Fiber optic,No,No,No,Yes,No,Yes,Month-to-month,No,Mailed check,174.38,11198.21
9643-GUOHU,Olena Melnyk,olena.melnyk190@example-mail.com,+380 67 437 74 11,Female,1,No,No,38,Yes,Yes,DSL,No,No,No,No,Yes,Yes,Two year,Yes,Bank transfer (automatic),115.78,4514.07
1860-XUJRL,Iryna Boyko,iryna.boyko191@example-mail.com,+380 67 157 54 34,Male,0,No,No,47,Yes,No,Fiber optic,No,Yes,No,No,Yes,Yes,One year,No,Credit card (automatic),128.32,6111.99
8806-TSQUB,Anna Moroz,anna.moroz192@example-mail.com,+380 67 190 77 47,Female,0,No,No,44,Yes,No,Fiber optic,No,No,Yes,Yes,Yes,Yes,Month-to-month,Yes,Bank transfer (automatic),176.36,7640.76
9233-GWBNO,Oleh Kovalenko,oleh.kovalenko193@example-mail.com,+380 67 670 52 22,Male,1,No,No,9,Yes,Yes,Fiber optic,No,Yes,No,No,No,Yes,Month-to-month,No,Credit card (automatic),166.39,1473.91
2763-OCWSO,Oleh Moroz,oleh.moroz194@example-mail.com,+380 67 904 40 27,Female,0,Yes,Yes,36,Yes,No,DSL,No,No,Yes,No,No,Yes,One year,Yes,Credit card (automatic),106.21,3863.44
1020-CZUBC,Maria Melnyk,maria.melnyk195@example-mail.com,+380 67 139 68 89,Female,0,Yes,No,26,Yes,No,DSL,Yes,No,Yes,Yes,Yes,No,Month-to-month,Yes,Credit card (automatic),117.94,3129.03
4368-YNSWE,Olena Shevchenko,olena.shevchenko196@example-mail.com,+380 67 409 79 67,Male,0,Yes,Yes,44,Yes,Yes,Fiber optic,Yes,Yes,No,Yes,Yes,No,Month-to-month,Yes,Bank transfer (automatic),184.66,8183.18
4595-UYFUH,Dmytro Shevchenko,dmytro.shevchenko197@example-mail.com,+380 67 323 29 47,Male,0,No,Yes,34,Yes,Yes,Fiber optic,No,Yes,No,Yes,No,No,Month-to-month,Yes,Mailed check,165.82,5556.9
1063-PZTHX,Olena Kravchenko,olena.kravchenko198@example-mail.com,+380 67 186 76 94,Female,0,No,No,43,Yes,No,Fiber optic,No,Yes,Yes,Yes,Yes,No,Month-to-month,Yes,Bank transfer (automatic),169.61,7125.46
6231-RMHXA,Maria Kravchenko,maria.kravchenko199@example-mail.com,+380 67 577 19 18,Male,0,No,No,23,Yes,Yes,Fiber optic,Yes,Yes,Yes,No,No,Yes,One year,Yes,Bank transfer (automatic),177.18,4083.22
7215-LAUAY,Andrii Boyko,andrii.boyko200@example-mail.com,+380 67 138 79 32,Male,0,Yes,Yes,24,Yes,Yes,DSL,No,Yes,Yes,No,No,Yes,Month-to-month,Yes,Electronic check,146.11,3559.74
6061-LNEWW,Andrii Tkachenko,andrii.tkachenko201@example-mail.com,+380 67 742 23 11,Female,1,No,Yes,22,Yes,No,DSL,Yes,No,Yes,No,No,Yes,Two year,No,Bank transfer (automatic),92.52,2070.32
9554-GCEJB,Iryna Kovalenko,iryna.kovalenko202@example-mail.com,+380 67 166 86 17,Female,0,No,No,5,Yes,Yes,DSL,No,No,No,No,Yes,Yes,Month-to-month,Yes,Mailed check,129.44,630.2
1288-LDRUU,Oleh Tkachenko,oleh.tkachenko203@example-mail.com,+380 67 528 20 61,Male,0,Yes,No,29,Yes,No,No,No internet service,No internet service,No internet service,No internet service,No internet service,No internet service,Two year,No,Bank transfer (automatic),42.11,1189.81
2009-VGLSJ,Maria Bondarenko,maria.bondarenko204@example-mail.com,+380 67 567 70 54,Female,0,No,No,13,Yes,Yes,No,No internet service,No internet service,No internet service,No internet service,No internet service,No internet service,One year,No,Mailed check,58.78,784.72
9669-BPYRG,Andrii Boyko,andrii.boyko205@example-mail.com,+380 67 898 91 54,Male,0,Yes,No,21,Yes,No,No,No internet service,No internet service,No internet service,No internet service,No internet service,No internet service,One year,Yes,Electronic check,42.08,865.99
8230-DFQNP,Yurii Tkachenko,yurii.tkachenko206@example-mail.com,+380 67 461 32 64,Female,0,Yes,No,22,Yes,Yes,Fiber optic,No,Yes,Yes,Yes,No,Yes,Month-to-month,No,Bank transfer (automatic),191.98,4288.07
7157-NUEOO,Taras Kovalenko,taras.kovalenko207@example-mail.com,+380 67 464 94 87,Male,0,Yes,No,43,Yes,No,No,No internet service,No internet service,No internet service,No internet service,No internet service,No internet service,Month-to-month,Yes,Mailed check,41.49,1834.23
7452-RUCDX,Dmytro Kravchenko,dmytro.kravchenko208@example-mail.com,+380 67 254 66 39,Female,0,No,No,12,Yes,Yes,Fiber optic,No,No,Yes,No,Yes,Yes,Month-to-month,Yes,Electronic check,176.39,2088.46
5799-CNULH,Oleh Kovalenko,oleh.kovalenko209@example-mail.com,+380 67 590 30 58,Male,0,Yes,No,20,Yes,Yes,Fiber optic,Yes,No,No,Yes,Yes,Yes,One year,Yes,Credit card (automatic),170.11,3489.08
1766-UUCWK,Dmytro Kovalenko,dmytro.kovalenko210@example-mail.com,+380 67 533 53 31,Male,0,Yes,No,31,Yes,No,Fiber optic,Yes,No,No,No,Yes,Yes,One year,Yes,Mailed check,159.31,5043.71
5129-JDQFT,Andrii Moroz,andrii.moroz211@example-mail.com,+380 67 938 43 94,Male,0,Yes,No,13,Yes,Yes,Fiber optic,No,Yes,No,No,Yes,Yes,One year,Yes,Electronic check,179.45,2381.82
1394-HVTAD,Maria Kovalenko,maria.kovalenko212@example-mail.com,+380 67 241 40 22,Male,0,Yes,Yes,28,Yes,Yes,Fiber optic,Yes,Yes,Yes,No,Yes,Yes,Month-to-month,No,Credit card (automatic),201.54,5804.03
4139-SCSWK,Dmytro Tkachenko,dmytro.tkachenko213@example-mail.com,+380 67 104 92 24,Female,0,Yes,No,28,Yes,No,Fiber optic,No,No,Yes,No,No,Yes,One year,Yes,Bank transfer (automatic),137.44,3846.25
5643-URYDJ,Anna Moroz,anna.moroz214@example-mail.com,+380 67 387 32 48,Male,0,Yes,No,60,Yes,No,Fiber optic,No,Yes,Yes,No,Yes,Yes,Two year,Yes,Mailed check,149.64,8756.27
1453-AYPOU,Yurii Tkachenko,yurii.tkachenko215@example-mail.com,+380 67 470 76 70,Female,0,No,No,49,Yes,No,DSL,No,Yes,No,No,Yes,Yes,Two year,No,Electronic check,119.48,5727.41
3310-WOJUI,Oleh Tkachenko,oleh.tkachenko216@example-mail.com,+380 67 841 69 31,Female,1,No,No,31,Yes,Yes,Fiber optic,No,Yes,Yes,Yes,Yes,Yes,One year,Yes,Mailed check,207.39,6283.83
3951-CKQGO,Sofia Shevchenko,sofia.shevchenko217@example-mail.com,+380 67 529 45 92,Male,1,No,No,52,Yes,Yes,Fiber optic,No,Yes,No,No,Yes,Yes,Month-to-month,Yes,Credit card (automatic),172.63,8908.55
4720-MTHCS,Taras Moroz,taras.moroz218@example-mail.com,+380 67 387 19 31,Female,1,Yes,No,29,Yes,No,Fiber optic,No,No,Yes,No,No,Yes,One year,Yes,Credit card (automatic),149.48,4324.18
7501-FXUOV,Dmytro Kravchenko,dmytro.kravchenko219@example-mail.com,+380 67 470 84 82,Female,0,Yes,No,30,Yes,Yes,Fiber optic,Yes,Yes,Yes,Yes,Yes,No,Month-to-month,No,Credit card (automatic),201.41,6066.87
7672-JETSI,Olena Bondarenko,olena.bondarenko220@example-mail.com,+380 67 761 70 94,Male,0,No,No,52,No,No phone service,Fiber optic,No,No,No,No,Yes,No,One year,Yes,Credit card (automatic),114.24,5789.07
4503-XACQD,Iryna Melnyk,iryna.melnyk221@example-mail.com,+380 67 588 91 71,Male,0,Yes,Yes,65,Yes,Yes,Fiber optic,No,Yes,Yes,Yes,Yes,Yes,One year,Yes,Bank transfer (automatic),196.93,12566.33
5250-DGEMU,Maria Kravchenko,maria.kravchenko222@example-mail.com,+380 67 136 10 25,Female,0,Yes,No,16,Yes,Yes,Fiber optic,Yes,Yes,Yes,No,Yes,Yes,Month-to-month,No,Bank transfer (automatic),199.44,3239.84
4630-TBGWM,Oleh Moroz,oleh.moroz223@example-mail.com,+380 67 738 51 55,Female,0,Yes,No,23,Yes,Yes,Fiber optic,No,No,No,Yes,Yes,Yes,One year,Yes,Credit card (automatic),176.09,4083.5
6098-QMYBC,Sofia Kovalenko,sofia.kovalenko224@example-mail.com,+380 67 635 85 15,Female,0,No,No,10,Yes,Yes,DSL,No,No,No,Yes,No,Yes,Month-to-month,Yes,Bank transfer (automatic),119.66,1224.83
7057-OBTUC,Yurii Tkachenko,yurii.tkachenko225@example-mail.com,+380 67 258 81 45,Male,0,Yes,No,40,Yes,Yes,No,No internet service,No internet service,No internet service,No internet service,No internet service,No internet service,Month-to-month,No,Mailed check,74.19,2995.6
6331-MVNVY,Maria Kravchenko,maria.kravchenko226@example-mail.com,+380 67 546 96 28,Female,0,Yes,No,22,Yes,Yes,Fiber optic,No,Yes,No,No,Yes,Yes,Month-to-month,Yes,Credit card (automatic),181.95,4042.83
4139-BXMOZ,Oleh Shevchenko,oleh.shevchenko227@example-mail.com,+380 67 381 13 70,Female,0,Yes,No,46,Yes,No,Fiber optic,Yes,Yes,Yes,No,Yes,Yes,Month-to-month,No,Credit card (automatic),173.12,7891.49
1533-YTNMF,Dmytro Boyko,dmytro.boyko228@example-mail.com,+380 67 908 91 68,Female,0,Yes,No,31,Yes,No,Fiber optic,No,No,No,No,Yes,Yes,Month-to-month,Yes,Electronic check,152.15,4792.22
8025-IMBCM,Oleh Boyko,oleh.boyko229@example-mail.com,+380 67 585 56 55,Male,1,No,No,49,Yes,Yes,Fiber optic,Yes,Yes,Yes,No,No,Yes,Month-to-month,Yes,Mailed check,185.48,9032.16
9673-TTXGV,Oleh Boyko,oleh.boyko230@example-mail.com,+380 67 781 56 77,Female,0,No,No,26,Yes,No,No,No internet service,No internet service,No internet service,No internet service,No internet service,No internet service,Two year,Yes,Bank transfer (automatic),42.35,1124.35
8891-ACTUA,Andrii Bondarenko,andrii.bondarenko231@example-mail.com,+380 67 327 96 55,Male,0,No,No,58,Yes,Yes,DSL,No,No,No,No,Yes,Yes,Two year,Yes,Credit card (automatic),117.74,6639.05
9913-AOSNE,Andrii Melnyk,andrii.melnyk232@example-mail.com,+380 67 626 73 88,Male,1,No,No,14,Yes,Yes,Fiber optic,No,Yes,No,Yes,Yes,Yes,Two year,Yes,Credit card (automatic),164.78,2247.62
7516-GGJJX,Andrii Melnyk,andrii.melnyk233@example-mail.com,+380 67 547 93 38,Female,0,No,No,27,Yes,No,Fiber optic,No,No,No,No,Yes,No,Two year,No,Mailed check,117.32,3236.29
1008-HJING,Sofia Kravchenko,sofia.kravchenko234@example-mail.com,+380 67 603 45 19,Male,0,Yes,No,36,Yes,Yes,Fiber optic,No,No,Yes,No,Yes,Yes,Month-to-month,Yes,Electronic check,179.6,6282.81
2736-IWGMK,Andrii Boyko,andrii.boyko235@example-mail.com,+380 67 182 50 10,Female,0,Yes,No,28,Yes,Yes,Fiber optic,No,Yes,Yes,No,Yes,Yes,Two year,No,Bank transfer (automatic),166.2,4781.44
3657-PIGUX,Yurii Bondarenko,yurii.bondarenko236@example-mail.com,+380 67 778 92 58,Male,0,No,No,55,Yes,No,Fiber optic,No,No,Yes,No,Yes,No,Two year,No,Credit card (automatic),131.39,7293.27
4928-ASNJO,Maria Moroz,maria.moroz237@example-mail.com,+380 67 439 80 74,Female,0,Yes,No,55,Yes,Yes,Fiber optic,No,No,No,No,Yes,Yes,One year,No,Mailed check,168.4,9459.13
4491-KHLTQ,Oleh Moroz,oleh.moroz238@example-mail.com,+380 67 769 69 45,Male,0,Yes,Yes,30,Yes,Yes,DSL,No,Yes,No,No,Yes,Yes,Two year,No,Credit card (automatic),132.33,3999.11
5080-FSAOB,Anna Shevchenko,anna.shevchenko239@example-mail.com,+380 67 345 29 37,Male,0,Yes,No,47,Yes,Yes,Fiber optic,No,Yes,No,No,Yes,Yes,Two year,Yes,Credit card (automatic),159.73,7675.1
9379-BPAYV,Dmytro Tkachenko,dmytro.tkachenko240@example-mail.com,+380 67 897 67 61,Male,0,No,Yes,54,Yes,No,DSL,No,No,No,No,No,No,Month-to-month,No,Electronic check,89.3,4914.22
1761-AOPYP,Maria Bondarenko,maria.bondarenko241@example-mail.com,+380 67 545 50 68,Female,0,Yes,Yes,36,Yes,No,Fiber optic,Yes,Yes,No,No,Yes,Yes,One year,No,Mailed check,160.29,5938.9
6829-KPVOC,Anna Tkachenko,anna.tkachenko242@example-mail.com,+380 67 640 61 37,Female,0,No,No,36,Yes,No,Fiber optic,Yes,Yes,No,Yes,Yes,Yes,Month-to-month,Yes,Credit card (automatic),165.3,5916.99
8806-AAVHQ,Taras Tkachenko,taras.tkachenko243@example-mail.com,+380 67 523 47 66,Female,0,No,No,22,Yes,No,Fiber optic,No,Yes,No,No,No,Yes,Month-to-month,No,Electronic check,140.02,3103.43
1459-KETWN,Yurii Moroz,yurii.moroz244@example-mail.com,+380 67 197 50 79,Male,0,Yes,No,50,Yes,Yes,Fiber optic,Yes,No,No,No,Yes,Yes,Two year,No,Mailed check,153.23,7574.09
8435-HIXTF,Dmytro Boyko,dmytro.boyko245@example-mail.com,+380 67 154 73 57,Female,0,Yes,Yes,42,Yes,Yes,DSL,Yes,Yes,No,Yes,No,Yes,One year,Yes,Electronic check,150.37,6492.48
7269-UZUSH,Yurii Kravchenko,yurii.kravchenko246@example-mail.com,+380 67 665 94 82,Female,1,No,No,20,Yes,No,Fiber optic,No,Yes,Yes,Yes,Yes,Yes,Month-to-month,No,Electronic check,186.35,3741.82
4840-EGISX,Iryna Tkachenko,iryna.tkachenko247@example-mail.com,+380 67 767 54 33,Female,0,Yes,No,24,Yes,No,Fiber optic,Yes,Yes,No,Yes,No,Yes,Month-to-month,No,Bank transfer (automatic),171.92,4085.9
7365-GKVCQ,Yurii Kovalenko,yurii.kovalenko248@example-mail.com,+380 67 627 55 27,Female,0,Yes,No,36,Yes,No,Fiber optic,Yes,No,No,No,Yes,Yes,Two year,Yes,Mailed check,133.16,4756.96
5373-GTZGH,Sofia Tkachenko,sofia.tkachenko249@example-mail.com,+380 67 191 40 70,Female,0,No,Yes,4,Yes,No,Fiber optic,No,Yes,Yes,Yes,No,Yes,Two year,No,Electronic check,156.57,641.82
3843-VLFWK,Olena Moroz,olena.moroz250@example-mail.com,+380 67 719 43 33,Male,0,No,No,27,Yes,Yes,No,No internet service,No internet service,No internet service,No internet service,No internet service,No internet service,Month-to-month,Yes,Bank transfer (automatic),62.2,1661.14
4557-KKUTU,Andrii Boyko,andrii.boyko251@example-mail.com,+380 67 627 51 96,Male,0,Yes,Yes,18,Yes,No,Fiber optic,Yes,No,No,No,Yes,Yes,Two year,Yes,Credit card (automatic),135.52,2454.37
5940-DETFD,Yurii Bondarenko,yurii.bondarenko252@example-mail.com,+380 67 781 64 32,Female,0,Yes,No,36,Yes,Yes,Fiber optic,Yes,Yes,No,Yes,Yes,Yes,One year,Yes,Bank transfer (automatic),188.0,6931.71
3428-GWQQE,Yurii Kovalenko,yurii.kovalenko253@example-mail.com,+380 67 819 27 10,Male,0,Yes,No,28,Yes,Yes,DSL,No,Yes,Yes,Yes,Yes,Yes,One year,Yes,Bank transfer (automatic),169.31,4737.06
2693-XIWZX,Sofia Bondarenko,sofia.bondarenko254@example-mail.com,+380 67 737 38 69,Male,0,Yes,No,35,Yes,No,Fiber optic,No,Yes,No,Yes,No,Yes,Two year,Yes,Credit card (automatic),128.27,4511.01
1312-OKVSD,Maria Kovalenko,maria.kovalenko255@example-mail.com,+380 67 622 92 26,Male,1,Yes,Yes,21,Yes,No,DSL,Yes,No,No,No,No,No,Two year,Yes,Electronic check,100.17,2088.26
5230-MJXGP,Dmytro Kravchenko,dmytro.kravchenko256@example-mail.com,+380 67 194 58 93,Female,0,Yes,No,35,Yes,Yes,Fiber optic,No,No,No,Yes,Yes,Yes,One year,Yes,Credit card (automatic),166.65,5798.87
9137-XIEIM,Dmytro Kovalenko,dmytro.kovalenko257@example-mail.com,+380 67 407 86 51,Male,0,Yes,Yes,39,Yes,Yes,Fiber optic,Yes,No,Yes,No,Yes,No,Month-to-month,Yes,Bank transfer (automatic),177.37,6867.07
4444-YOJHS,Olena Kravchenko,olena.kravchenko258@example-mail.com,+380 67 264 17 47,Female,0,No,No,42,Yes,No,Fiber optic,Yes,Yes,Yes,No,Yes,Yes,Month-to-month,No,Bank transfer (automatic),186.83,7974.96
7145-NOCQP,Dmytro Kravchenko,dmytro.kravchenko259@example-mail.com,+380 67 744 24 32,Female,0,No,No,38,Yes,Yes,No,No internet service,No internet service,No internet service,No internet service,No internet service,No internet service,One year,Yes,Bank transfer (automatic),48.73,1875.84
5726-ZSLUL,Taras Kovalenko,taras.kovalenko260@example-mail.com,+380 67 577 39 89,Male,0,Yes,Yes,61,Yes,Yes,No,No internet service,No internet service,No internet service,No internet service,No internet service,No internet service,One year,No,Bank transfer (automatic),56.25,3471.29
3768-BRAMO,Maria Shevchenko,maria.shevchenko261@example-mail.com,+380 67 245 56 32,Female,0,Yes,No,44,Yes,Yes,DSL,Yes,Yes,Yes,No,Yes,Yes,Two year,Yes,Credit card (automatic),151.79,6616.11
4998-BSXHP,Maria Melnyk,maria.melnyk262@example-mail.com,+380 67 997 23 48,Female,0,No,Yes,10,Yes,Yes,Fiber optic,No,Yes,No,No,Yes,Yes,Two year,Yes,Bank transfer (automatic),159.93,1611.94
4634-PVVEI,Yurii Bondarenko,yurii.bondarenko263@example-mail.com,+380 67 991 31 82,Female,0,Yes,No,38,Yes,No,Fiber optic,Yes,Yes,No,No,Yes,Yes,Two year,Yes,Electronic check,147.7,5539.44
2446-EWRPD,Yurii Shevchenko,yurii.shevchenko264@example-mail.com,+380 67 890 76 28,Female,1,No,No,63,Yes,No,No,No internet service,No internet service,No internet service,No internet service,No internet service,No internet service,Month-to-month,Yes,Credit card (automatic),57.97,3646.44
7586-DSEWF,Olena Tkachenko,olena.tkachenko265@example-mail.com,+380 67 176 76 32,Female,0,Yes,No,38,Yes,No,DSL,Yes,Yes,Yes,Yes,Yes,Yes,Two year,Yes,Mailed check,129.88,4788.38
4963-WBRFF,Maria Melnyk,maria.melnyk266@example-mail.com,+380 67 690 91 56,Male,0,Yes,No,36,Yes,Yes,Fiber optic,Yes,Yes,No,Yes,Yes,Yes,One year,Yes,Credit card (automatic),203.1,7261.72
2635-IRMHP,Oleh Kravchenko,oleh.kravchenko267@example-mail.com,+380 67 903 36 25,Female,0,Yes,No,19,Yes,Yes,Fiber optic,Yes,Yes,No,Yes,Yes,Yes,Month-to-month,Yes,Mailed check,209.71,4040.52
9307-ZEDNJ,Anna Melnyk,anna.melnyk268@example-mail.com,+380 67 668 62 67,Female,0,Yes,No,20,Yes,Yes,DSL,No,Yes,No,Yes,Yes,No,One year,Yes,Electronic check,135.9,2680.18
5836-CYYGV,Iryna Tkachenko,iryna.tkachenko269@example-mail.com,+380 67 703 76 46,Male,0,No,Yes,33,Yes,No,Fiber optic,Yes,No,No,Yes,Yes,No,Month-to-month,Yes,Bank transfer (automatic),156.66,5078.69
5084-CTYDA,Maria Boyko,maria.boyko270@example-mail.com,+380 67 146 39 38,Female,0,Yes,No,29,Yes,No,DSL,No,No,No,No,Yes,Yes,Month-to-month,Yes,Bank transfer (automatic),113.95,3363.96
6887-HIDGB,Olena Shevchenko,olena.shevchenko271@example-mail.com,+380 67 329 10 73,Female,0,Yes,No,39,Yes,No,DSL,Yes,Yes,No,Yes,No,No,One year,Yes,Credit card (automatic),123.8,4919.04
6182-KDGDM,Olena Moroz,olena.moroz272@example-mail.com,+380 67 957 38 45,Male,0,No,No,48,No,No phone service,No,No internet service,No internet service,No internet service,No internet service,No internet service,No internet service,Two year,Yes,Bank transfer (automatic),18.5,887.84
3876-NYXNK,Taras Boyko,taras.boyko273@example-mail.com,+380 67 748 88 12,Male,0,Yes,No,28,Yes,Yes,Fiber optic,No,No,Yes,Yes,Yes,Yes,Two year,No,Electronic check,159.26,4361.24
3152-EKJIA,Taras Bondarenko,taras.bondarenko274@example-mail.com,+380 67 945 57 53,Male,0,No,No,39,Yes,Yes,Fiber optic,Yes,Yes,Yes,No,Yes,Yes,Month-to-month,Yes,Credit card (automatic),201.77,7803.6
3118-PJCQT,Oleh Boyko,oleh.boyko275@example-mail.com,+380 67 893 85 21,Female,0,No,Yes,20,No,No phone service,DSL,Yes,No,Yes,No,No,Yes,Month-to-month,Yes,Electronic check,96.88,1882.41
9767-HSNEN,Andrii Moroz,andrii.moroz276@example-mail.com,+380 67 922 10 55,Male,0,No,No,32,Yes,Yes,Fiber optic,Yes,No,No,No,Yes,No,Month-to-month,Yes,Bank transfer (automatic),174.48,5436.81
6348-EPMTQ,Yurii Kravchenko,yurii.kravchenko277@example-mail.com,+380 67 753 11 26,Female,0,Yes,No,36,No,No phone service,DSL,Yes,No,No,Yes,Yes,Yes,Month-to-month,Yes,Credit card (automatic),113.89,4109.97
2511-BSSII,Taras Melnyk,taras.melnyk278@example-mail.com,+380 67 535 60 98,Male,1,No,No,15,No,No phone service,Fiber optic,No,No,Yes,No,Yes,Yes,One year,No,Credit card (automatic),129.46,1965.43
3261-HOSCP,Oleh Bondarenko,oleh.bondarenko279@example-mail.com,+380 67 106 30 54,Male,0,No,No,14,Yes,Yes,Fiber optic,No,No,No,No,Yes,Yes,One year,Yes,Mailed check,163.45,2221.77
5530-BNNEK,Andrii Tkachenko,andrii.tkachenko280@example-mail.com,+380 67 543 46 93,Female,0,No,No,43,Yes,No,Fiber optic,No,No,No,Yes,Yes,Yes,One year,No,Credit card (automatic),164.91,6977.08
8389-XPIRJ,Iryna Moroz,iryna.moroz281@example-mail.com,+380 67 115 87 36,Male,0,No,Yes,40,Yes,Yes,DSL,Yes,No,No,Yes,Yes,Yes,Month-to-month,No,Electronic check,151.08,6219.7
9290-FJMVV,Iryna Melnyk,iryna.melnyk282@example-mail.com,+380 67 263 50 61,Male,0,No,No,22,Yes,Yes,Fiber optic,Yes,Yes,Yes,Yes,Yes,Yes,Two year,No,Credit card (automatic),188.16,4154.19
8240-MOBTC,Maria Kovalenko,maria.kovalenko283@example-mail.com,+380 67 564 59 38,Male,0,No,No,58,No,No phone service,No,No internet service,No internet service,No internet service,No internet service,No internet service,No internet service,Two year,Yes,Electronic check,18.5,1083.89
1715-GYMAN,Anna Shevchenko,anna.shevchenko284@example-mail.com,+380 67 710 68 90,Female,0,No,No,32,Yes,No,Fiber optic,Yes,Yes,Yes,Yes,Yes,Yes,One year,No,Credit card (automatic),194.7,6325.02
4500-IOOXP,Taras Moroz,taras.moroz285@example-mail.com,+380 67 773 84 19,Male,0,No,No,23,Yes,Yes,Fiber optic,Yes,Yes,No,Yes,Yes,No,Month-to-month,Yes,Bank transfer (automatic),183.39,4226.21
2769-OMMQN,Dmytro Bondarenko,dmytro.bondarenko286@example-mail.com,+380 67 681 91 56,Male,0,Yes,No,34,Yes,No,Fiber optic,Yes,No,Yes,No,Yes,No,Month-to-month,Yes,Mailed check,160.23,5415.54
9075-PXTIF,Maria Melnyk,maria.melnyk287@example-mail.com,+380 67 421 71 63,Male,0,Yes,No,57,Yes,No,Fiber optic,Yes,No,No,No,Yes,No,Month-to-month,Yes,Credit card (automatic),157.56,8757.53
6693-WRRFT,Sofia Boyko,sofia.boyko288@example-mail.com,+380 67 566 91 12,Male,1,Yes,No,52,Yes,Yes,Fiber optic,No,Yes,No,Yes,No,Yes,Month-to-month,Yes,Mailed check,177.94,9236.67
6885-XDIEB,Iryna Bondarenko,iryna.bondarenko289@example-mail.com,+380 67 718 31 47,Male,0,No,No,53,Yes,Yes,DSL,No,Yes,Yes,No,No,Yes,Month-to-month,No,Bank transfer (automatic),146.19,7725.4
6473-WJLXN,Iryna Boyko,iryna.boyko290@example-mail.com,+380 67 983 77 23,Male,0,No,No,42,Yes,Yes,Fiber optic,No,No,No,No,Yes,Yes,Month-to-month,No,Electronic check,172.77,7126.56
1905-EGQYE,Olena Kravchenko,olena.kravchenko291@example-mail.com,+380 67 394 48 12,Female,0,Yes,No,21,Yes,No,DSL,Yes,Yes,Yes,Yes,Yes,Yes,Month-to-month,Yes,Electronic check,148.41,3102.32
1694-NFXWS,Yurii Shevchenko,yurii.shevchenko292@example-mail.com,+380 67 183 70 91,Male,0,Yes,Yes,46,Yes,Yes,Fiber optic,Yes,No,Yes,Yes,Yes,Yes,One year,Yes,Credit card (automatic),186.08,8407.33
4059-QHSQA,Iryna Kravchenko,iryna.kravchenko293@example-mail.com,+380 67 450 59 85,Male,0,No,No,43,Yes,No,Fiber optic,No,No,No,No,Yes,Yes,Two year,Yes,Credit card (automatic),140.25,5946.22
4594-ZSWOJ,Taras Kovalenko,taras.kovalenko294@example-mail.com,+380 67 223 12 36,Female,1,Yes,No,45,Yes,No,Fiber optic,Yes,No,No,Yes,Yes,Yes,Two year,Yes,Mailed check,152.9,6992.89
2308-KTWEA,Yurii Kovalenko,yurii.kovalenko295@example-mail.com,+380 67 745 34 49,Female,0,No,No,60,Yes,No,No,No internet service,No internet service,No internet service,No internet service,No internet service,No internet service,Two year,No,Credit card (automatic),40.19,2432.72
8201-IUKHH,Dmytro Tkachenko,dmytro.tkachenko296@example-mail.com,+380 67 218 13 77,Male,1,Yes,No,28,Yes,No,No,No internet service,No internet service,No internet service,No internet service,No internet service,No internet service,One year,No,Credit card (automatic),33.08,910.41
7777-LUNIT,Dmytro Tkachenko,dmytro.tkachenko297@example-mail.com,+380 67 462 44 81,Male,0,Yes,No,35,Yes,Yes,Fiber optic,No,Yes,Yes,No,Yes,No,One year,Yes,Credit card (automatic),169.82,5944.79
9957-STIMR,Dmytro Boyko,dmytro.boyko298@example-mail.com,+380 67 740 88 34,Male,0,Yes,No,43,Yes,No,Fiber optic,No,Yes,No,Yes,Yes,Yes,One year,Yes,Bank transfer (automatic),164.35,7150.99
1737-ZXRMA,Iryna Boyko,iryna.boyko299@example-mail.com,+380 67 671 83 73,Male,0,No,Yes,31,Yes,No,Fiber optic,Yes,No,No,Yes,Yes,Yes,One year,Yes,Bank transfer (automatic),159.19,4860.58
